share_id,participant_id,team_code,display_name,matches_played,total_points,total_shares,points_per_share
1,1,ENG,England,1,7.3,23,0.3173913043478261
2,1,ENG,England,1,7.3,23,0.3173913043478261
3,1,ENG,England,1,7.3,23,0.3173913043478261
4,1,AUS,Australia,1,6,24,0.25
5,1,AUS,Australia,1,6,24,0.25
6,1,SCO,Scotland,1,2.7,4,0.675
7,1,IRE,Ireland,1,11,7,1.5714285714285714
8,1,IND,India,1,8,20,0.4
9,1,NZL,New Zealand,1,11.1,14,0.7928571428571428
10,1,RSA,South Africa,1,6.8,17,0.39999999999999997
11,2,AUS,Australia,1,6,24,0.25
12,2,IND,India,1,8,20,0.4
13,2,AUS,Australia,1,6,24,0.25
14,2,ENG,England,1,7.3,23,0.3173913043478261
15,2,NZL,New Zealand,1,11.1,14,0.7928571428571428
16,2,ENG,England,1,7.3,23,0.3173913043478261
17,2,AUS,Australia,1,6,24,0.25
18,2,LKA,Sri Lanka,1,9.3,8,1.1625
19,2,NZL,New Zealand,1,11.1,14,0.7928571428571428
20,2,RSA,South Africa,1,6.8,17,0.39999999999999997
21,3,IND,India,1,8,20,0.4
22,3,RSA,South Africa,1,6.8,17,0.39999999999999997
23,3,AUS,Australia,1,6,24,0.25
24,3,AUS,Australia,1,6,24,0.25
25,3,ENG,England,1,7.3,23,0.3173913043478261
26,3,RSA,South Africa,1,6.8,17,0.39999999999999997
27,3,PAK,Pakistan,1,0.4,17,0.023529411764705882
28,3,IND,India,1,8,20,0.4
29,3,ENG,England,1,7.3,23,0.3173913043478261
30,3,LKA,Sri Lanka,1,9.3,8,1.1625
31,4,ENG,England,1,7.3,23,0.3173913043478261
32,4,WIN,West Indies,1,2.3,9,0.25555555555555554
33,4,IND,India,1,8,20,0.4
34,4,AUS,Australia,1,6,24,0.25
35,4,IND,India,1,8,20,0.4
36,4,PAK,Pakistan,1,0.4,17,0.023529411764705882
37,4,WIN,West Indies,1,2.3,9,0.25555555555555554
38,4,AUS,Australia,1,6,24,0.25
39,4,RSA,South Africa,1,6.8,17,0.39999999999999997
40,4,PAK,Pakistan,1,0.4,17,0.023529411764705882
41,5,IND,India,1,8,20,0.4
42,5,ENG,England,1,7.3,23,0.3173913043478261
43,5,PAK,Pakistan,1,0.4,17,0.023529411764705882
44,5,IND,India,1,8,20,0.4
45,5,IND,India,1,8,20,0.4
46,5,BAN,Bangladesh,1,4.3,3,1.4333333333333333
47,5,RSA,South Africa,1,6.8,17,0.39999999999999997
48,5,ENG,England,1,7.3,23,0.3173913043478261
49,5,RSA,South Africa,1,6.8,17,0.39999999999999997
50,5,LKA,Sri Lanka,1,9.3,8,1.1625
51,6,IND,India,1,8,20,0.4
52,6,AFG,Afghanistan,1,4.2,5,0.8400000000000001
53,6,WIN,West Indies,1,2.3,9,0.25555555555555554
54,6,AUS,Australia,1,6,24,0.25
55,6,IND,India,1,8,20,0.4
56,6,ENG,England,1,7.3,23,0.3173913043478261
57,6,RSA,South Africa,1,6.8,17,0.39999999999999997
58,6,AUS,Australia,1,6,24,0.25
59,6,AUS,Australia,1,6,24,0.25
60,6,IND,India,1,8,20,0.4
61,7,ENG,England,1,7.3,23,0.3173913043478261
62,7,ENG,England,1,7.3,23,0.3173913043478261
63,7,AFG,Afghanistan,1,4.2,5,0.8400000000000001
64,7,PAK,Pakistan,1,0.4,17,0.023529411764705882
65,7,WIN,West Indies,1,2.3,9,0.25555555555555554
66,7,ENG,England,1,7.3,23,0.3173913043478261
67,7,AFG,Afghanistan,1,4.2,5,0.8400000000000001
68,7,WIN,West Indies,1,2.3,9,0.25555555555555554
69,7,PAK,Pakistan,1,0.4,17,0.023529411764705882
70,7,LKA,Sri Lanka,1,9.3,8,1.1625
71,8,SCO,Scotland,1,2.7,4,0.675
72,8,NED,Netherlands,1,5.4,3,1.8
73,8,NED,Netherlands,1,5.4,3,1.8
74,8,SCO,Scotland,1,2.7,4,0.675
75,8,UAE,United Arab Emirates,1,3.2,1,3.2
76,8,IRE,Ireland,1,11,7,1.5714285714285714
77,8,IRE,Ireland,1,11,7,1.5714285714285714
78,8,IRE,Ireland,1,11,7,1.5714285714285714
79,8,"NAM",Namibia,1,2.7,3,0.9
80,8,NED,Netherlands,1,5.4,3,1.8
81,9,LKA,Sri Lanka,1,9.3,8,1.1625
82,9,AUS,Australia,1,6,24,0.25
83,9,AUS,Australia,1,6,24,0.25
84,9,AUS,Australia,1,6,24,0.25
85,9,IND,India,1,8,20,0.4
86,9,RSA,South Africa,1,6.8,17,0.39999999999999997
87,9,IND,India,1,8,20,0.4
88,9,ENG,England,1,7.3,23,0.3173913043478261
89,9,NZL,New Zealand,1,11.1,14,0.7928571428571428
90,9,PAK,Pakistan,1,0.4,17,0.023529411764705882
91,10,IRE,Ireland,1,11,7,1.5714285714285714
92,10,IRE,Ireland,1,11,7,1.5714285714285714
93,10,IRE,Ireland,1,11,7,1.5714285714285714
94,10,SCO,Scotland,1,2.7,4,0.675
95,10,PAK,Pakistan,1,0.4,17,0.023529411764705882
96,10,AUS,Australia,1,6,24,0.25
97,10,AUS,Australia,1,6,24,0.25
98,10,AUS,Australia,1,6,24,0.25
99,10,NZL,New Zealand,1,11.1,14,0.7928571428571428
100,10,NZL,New Zealand,1,11.1,14,0.7928571428571428
101,11,"NAM",Namibia,1,2.7,3,0.9
102,11,"NAM",Namibia,1,2.7,3,0.9
103,11,AUS,Australia,1,6,24,0.25
104,11,AUS,Australia,1,6,24,0.25
105,11,ENG,England,1,7.3,23,0.3173913043478261
106,11,PAK,Pakistan,1,0.4,17,0.023529411764705882
107,11,IND,India,1,8,20,0.4
108,11,AUS,Australia,1,6,24,0.25
109,11,ENG,England,1,7.3,23,0.3173913043478261
110,11,ENG,England,1,7.3,23,0.3173913043478261
111,12,PAK,Pakistan,1,0.4,17,0.023529411764705882
112,12,PAK,Pakistan,1,0.4,17,0.023529411764705882
113,12,PAK,Pakistan,1,0.4,17,0.023529411764705882
114,12,ENG,England,1,7.3,23,0.3173913043478261
115,12,ENG,England,1,7.3,23,0.3173913043478261
116,12,ENG,England,1,7.3,23,0.3173913043478261
117,12,RSA,South Africa,1,6.8,17,0.39999999999999997
118,12,AUS,Australia,1,6,24,0.25
119,12,AUS,Australia,1,6,24,0.25
120,12,LKA,Sri Lanka,1,9.3,8,1.1625
121,13,IND,India,1,8,20,0.4
122,13,ZIM,Zimbabwe,1,11,2,5.5
123,13,IND,India,1,8,20,0.4
124,13,NZL,New Zealand,1,11.1,14,0.7928571428571428
125,13,NZL,New Zealand,1,11.1,14,0.7928571428571428
126,13,IND,India,1,8,20,0.4
127,13,RSA,South Africa,1,6.8,17,0.39999999999999997
128,13,NZL,New Zealand,1,11.1,14,0.7928571428571428
129,13,RSA,South Africa,1,6.8,17,0.39999999999999997
130,13,RSA,South Africa,1,6.8,17,0.39999999999999997
131,14,WIN,West Indies,1,2.3,9,0.25555555555555554
132,14,PAK,Pakistan,1,0.4,17,0.023529411764705882
133,14,NZL,New Zealand,1,11.1,14,0.7928571428571428
134,14,RSA,South Africa,1,6.8,17,0.39999999999999997
135,14,PAK,Pakistan,1,0.4,17,0.023529411764705882
136,14,PAK,Pakistan,1,0.4,17,0.023529411764705882
137,14,RSA,South Africa,1,6.8,17,0.39999999999999997
138,14,WIN,West Indies,1,2.3,9,0.25555555555555554
139,14,NZL,New Zealand,1,11.1,14,0.7928571428571428
140,14,WIN,West Indies,1,2.3,9,0.25555555555555554
141,15,BAN,Bangladesh,1,4.3,3,1.4333333333333333
142,15,ZIM,Zimbabwe,1,11,2,5.5
143,15,WIN,West Indies,1,2.3,9,0.25555555555555554
144,15,AFG,Afghanistan,1,4.2,5,0.8400000000000001
145,15,LKA,Sri Lanka,1,9.3,8,1.1625
146,15,NZL,New Zealand,1,11.1,14,0.7928571428571428
147,15,NZL,New Zealand,1,11.1,14,0.7928571428571428
148,15,AFG,Afghanistan,1,4.2,5,0.8400000000000001
149,15,BAN,Bangladesh,1,4.3,3,1.4333333333333333
150,15,RSA,South Africa,1,6.8,17,0.39999999999999997
151,16,PAK,Pakistan,1,0.4,17,0.023529411764705882
152,16,IND,India,1,8,20,0.4
153,16,RSA,South Africa,1,6.8,17,0.39999999999999997
154,16,NZL,New Zealand,1,11.1,14,0.7928571428571428
155,16,PAK,Pakistan,1,0.4,17,0.023529411764705882
156,16,LKA,Sri Lanka,1,9.3,8,1.1625
157,16,ENG,England,1,7.3,23,0.3173913043478261
158,16,IND,India,1,8,20,0.4
159,16,ENG,England,1,7.3,23,0.3173913043478261
160,16,AUS,Australia,1,6,24,0.25
